decile,n,positives,avg_p,rate
7,288,15,0.060039096752865846,0.052083333333333336
6,322,37,0.10148379271909413,0.11490683229813664
5,456,58,0.12572456782983094,0.12719298245614036
4,431,76,0.17054263565891473,0.17633410672853828
3,363,66,0.2054380664652568,0.18181818181818182
2,331,71,0.2127306253357554,0.21450151057401812
1,268,76,0.3036628523969885,0.2835820895522388
0,110,43,0.48484955012342795,0.39090909090909093
