{
  "lgbm_raw": {
    "roc_auc": 0.6475188643321059,
    "pr_auc": 0.2820730093333173,
    "logloss": 0.5941184950090744,
    "brier": 0.20572335097323555,
    "base_ctr": 0.17205138186064617,
    "lift@5%": 2.179581447963801,
    "lift@10%": 1.9223286441185272,
    "lift@20%": 1.7074801485993978
  },
  "lgbm_calibrated": {
    "roc_auc": 0.6456042436503732,
    "pr_auc": 0.2670454352916304,
    "logloss": 0.43914156449977815,
    "brier": 0.1365903595178121,
    "base_ctr": 0.17205138186064617,
    "lift@5%": 2.0887655542986425,
    "lift@10%": 1.9901755374403578,
    "lift@20%": 1.684864517492121
  }
}